date,open,high,low,close,volume,average,barCount
2022-12-30 12:52:03-05:00,121.59,121.6,121.57,121.58,2800.0,121.585,9
2022-12-30 12:52:04-05:00,121.59,121.6,121.57,121.57,602.0,121.585,5
2022-12-30 12:52:05-05:00,121.57,121.57,121.57,121.57,0.0,121.57,0
2022-12-30 12:52:06-05:00,121.58,121.59,121.58,121.58,8700.0,121.583,6
2022-12-30 12:52:07-05:00,121.59,121.65,121.58,121.65,6846.0,121.63,18
2022-12-30 12:52:08-05:00,121.65,121.66,121.64,121.64,1883.0,121.645,9
2022-12-30 12:52:09-05:00,121.64,121.64,121.61,121.62,4343.0,121.626,20
2022-12-30 12:52:10-05:00,121.61,121.63,121.6,121.62,3074.0,121.611,10
2022-12-30 12:52:11-05:00,121.62,121.63,121.62,121.63,200.0,121.623,2
2022-12-30 12:52:12-05:00,121.62,121.63,121.62,121.63,2323.0,121.628,4
2022-12-30 12:52:13-05:00,121.64,121.65,121.64,121.65,400.0,121.647,4
2022-12-30 12:52:14-05:00,121.65,121.66,121.64,121.65,2370.0,121.653,7
2022-12-30 12:52:15-05:00,121.64,121.65,121.64,121.65,1450.0,121.643,5
2022-12-30 12:52:16-05:00,121.64,121.66,121.63,121.66,2300.0,121.642,15
2022-12-30 12:52:17-05:00,121.66,121.66,121.65,121.66,625.0,121.658,1
2022-12-30 12:52:18-05:00,121.65,121.66,121.65,121.65,1100.0,121.653,5
2022-12-30 12:52:19-05:00,121.66,121.66,121.63,121.64,1949.0,121.648,12
2022-12-30 12:52:20-05:00,121.65,121.65,121.64,121.65,149.0,121.648,1
2022-12-30 12:52:21-05:00,121.64,121.66,121.64,121.65,2500.0,121.648,6
2022-12-30 12:52:22-05:00,121.66,121.66,121.65,121.65,6200.0,121.654,3
2022-12-30 12:52:23-05:00,121.66,121.66,121.65,121.65,2235.0,121.655,4
2022-12-30 12:52:24-05:00,121.66,121.66,121.66,121.66,2500.0,121.66,1
2022-12-30 12:52:25-05:00,121.66,121.66,121.65,121.66,200.0,121.658,2
2022-12-30 12:52:26-05:00,121.67,121.67,121.66,121.67,1798.0,121.668,7
2022-12-30 12:52:27-05:00,121.67,121.68,121.67,121.68,377.0,121.673,2
2022-12-30 12:52:28-05:00,121.68,121.68,121.67,121.68,1880.0,121.68,8
2022-12-30 12:52:29-05:00,121.67,121.67,121.66,121.66,885.0,121.663,2
2022-12-30 12:52:30-05:00,121.67,121.67,121.65,121.65,1400.0,121.666,6
2022-12-30 12:52:31-05:00,121.66,121.66,121.65,121.66,500.0,121.659,1
2022-12-30 12:52:32-05:00,121.66,121.66,121.65,121.66,300.0,121.659,1
2022-12-30 12:52:33-05:00,121.66,121.66,121.65,121.66,0.0,121.66,0
2022-12-30 12:52:34-05:00,121.66,121.68,121.65,121.67,3586.0,121.664,11
2022-12-30 12:52:35-05:00,121.68,121.68,121.68,121.68,100.0,121.68,1
2022-12-30 12:52:36-05:00,121.69,121.69,121.68,121.68,1190.0,121.681,3
2022-12-30 12:52:37-05:00,121.69,121.69,121.68,121.68,1100.0,121.682,7
2022-12-30 12:52:38-05:00,121.65,121.65,121.61,121.63,7841.0,121.644,20
2022-12-30 12:52:39-05:00,121.63,121.63,121.61,121.62,750.0,121.62,4
2022-12-30 12:52:40-05:00,121.63,121.63,121.62,121.62,590.0,121.628,5
2022-12-30 12:52:41-05:00,121.61,121.62,121.61,121.61,2351.0,121.614,6
2022-12-30 12:52:42-05:00,121.6,121.62,121.6,121.62,400.0,121.608,3
2022-12-30 12:52:43-05:00,121.63,121.64,121.63,121.63,2500.0,121.632,2
2022-12-30 12:52:44-05:00,121.64,121.68,121.63,121.67,900.0,121.66,3
2022-12-30 12:52:45-05:00,121.66,121.66,121.64,121.65,1400.0,121.658,4
2022-12-30 12:52:46-05:00,121.66,121.66,121.65,121.66,777.0,121.655,1
2022-12-30 12:52:47-05:00,121.66,121.66,121.65,121.66,500.0,121.655,1
2022-12-30 12:52:48-05:00,121.66,121.66,121.65,121.66,100.0,121.656,1
2022-12-30 12:52:49-05:00,121.66,121.66,121.65,121.66,300.0,121.655,1
2022-12-30 12:52:50-05:00,121.65,121.65,121.65,121.65,299.0,121.65,1
2022-12-30 12:52:51-05:00,121.65,121.66,121.65,121.66,439.0,121.652,2
2022-12-30 12:52:52-05:00,121.65,121.65,121.62,121.63,2800.0,121.63,8
2022-12-30 12:52:53-05:00,121.62,121.63,121.62,121.63,200.0,121.623,2
2022-12-30 12:52:54-05:00,121.62,121.62,121.6,121.6,22653.0,121.6,19
2022-12-30 12:52:55-05:00,121.6,121.61,121.6,121.61,2700.0,121.601,3
2022-12-30 12:52:56-05:00,121.61,121.62,121.61,121.62,5700.0,121.611,5
2022-12-30 12:52:57-05:00,121.64,121.64,121.63,121.63,1451.0,121.637,6
2022-12-30 12:52:58-05:00,121.64,121.64,121.63,121.64,1204.0,121.64,3
2022-12-30 12:52:59-05:00,121.64,121.64,121.63,121.64,3100.0,121.64,3
2022-12-30 12:53:00-05:00,121.65,121.65,121.63,121.65,1258.0,121.643,8
2022-12-30 12:53:01-05:00,121.65,121.65,121.64,121.65,983.0,121.65,7
2022-12-30 12:53:02-05:00,121.65,121.66,121.65,121.65,1370.0,121.654,7
2022-12-30 12:53:03-05:00,121.64,121.64,121.63,121.63,393.0,121.634,3
2022-12-30 12:53:04-05:00,121.64,121.65,121.63,121.63,498.0,121.639,3
2022-12-30 12:53:05-05:00,121.65,121.66,121.64,121.64,1197.0,121.644,5
2022-12-30 12:53:06-05:00,121.62,121.62,121.6,121.62,8807.0,121.602,5
2022-12-30 12:53:07-05:00,121.61,121.61,121.61,121.61,300.0,121.61,1
2022-12-30 12:53:08-05:00,121.63,121.65,121.62,121.65,1452.0,121.637,6
2022-12-30 12:53:09-05:00,121.65,121.65,121.64,121.65,500.0,121.646,4
2022-12-30 12:53:10-05:00,121.65,121.66,121.65,121.66,948.0,121.659,2
2022-12-30 12:53:11-05:00,121.65,121.65,121.64,121.65,1500.0,121.647,3
2022-12-30 12:53:12-05:00,121.63,121.64,121.62,121.63,3090.0,121.631,10
2022-12-30 12:53:13-05:00,121.62,121.63,121.62,121.62,998.0,121.623,3
2022-12-30 12:53:14-05:00,121.64,121.64,121.59,121.59,1900.0,121.608,10
2022-12-30 12:53:15-05:00,121.59,121.61,121.59,121.6,3126.0,121.602,4
2022-12-30 12:53:16-05:00,121.6,121.6,121.59,121.6,3325.0,121.596,5
2022-12-30 12:53:17-05:00,121.6,121.6,121.56,121.57,6900.0,121.592,11
2022-12-30 12:53:18-05:00,121.57,121.57,121.56,121.57,800.0,121.566,2
2022-12-30 12:53:19-05:00,121.57,121.59,121.56,121.57,2699.0,121.569,12
2022-12-30 12:53:20-05:00,121.57,121.58,121.57,121.57,1461.0,121.571,5
2022-12-30 12:53:21-05:00,121.58,121.58,121.55,121.57,1700.0,121.555,7
2022-12-30 12:53:22-05:00,121.56,121.57,121.56,121.56,500.0,121.566,3
2022-12-30 12:53:23-05:00,121.57,121.59,121.57,121.59,3150.0,121.583,10
2022-12-30 12:53:24-05:00,121.58,121.59,121.58,121.58,781.0,121.583,6
2022-12-30 12:53:25-05:00,121.57,121.58,121.57,121.57,1500.0,121.571,3
2022-12-30 12:53:26-05:00,121.57,121.58,121.57,121.57,0.0,121.57,0
2022-12-30 12:53:27-05:00,121.58,121.59,121.57,121.57,700.0,121.578,3
2022-12-30 12:53:28-05:00,121.58,121.59,121.57,121.59,1684.0,121.582,6
2022-12-30 12:53:29-05:00,121.58,121.59,121.58,121.58,650.0,121.582,4
2022-12-30 12:53:30-05:00,121.58,121.58,121.58,121.58,200.0,121.58,2
2022-12-30 12:53:31-05:00,121.58,121.58,121.55,121.58,9164.0,121.555,14
2022-12-30 12:53:32-05:00,121.57,121.57,121.55,121.56,1487.0,121.56,5
2022-12-30 12:53:33-05:00,121.56,121.56,121.55,121.55,1350.0,121.558,5
2022-12-30 12:53:34-05:00,121.55,121.55,121.54,121.54,2672.0,121.549,12
2022-12-30 12:53:35-05:00,121.54,121.54,121.53,121.53,4480.0,121.536,15
2022-12-30 12:53:36-05:00,121.56,121.57,121.56,121.56,5200.0,121.565,7
2022-12-30 12:53:37-05:00,121.56,121.57,121.56,121.57,1250.0,121.564,2
2022-12-30 12:53:38-05:00,121.55,121.56,121.54,121.55,1250.0,121.552,3
2022-12-30 12:53:39-05:00,121.56,121.57,121.56,121.57,1350.0,121.566,7
2022-12-30 12:53:40-05:00,121.55,121.57,121.55,121.56,4200.0,121.56,7
2022-12-30 12:53:41-05:00,121.56,121.57,121.56,121.56,400.0,121.56,3
2022-12-30 12:53:42-05:00,121.57,121.57,121.56,121.56,4400.0,121.567,5
2022-12-30 12:53:43-05:00,121.57,121.57,121.56,121.56,923.0,121.566,3
2022-12-30 12:53:44-05:00,121.56,121.57,121.56,121.56,1721.0,121.564,6
2022-12-30 12:53:45-05:00,121.54,121.57,121.54,121.55,1800.0,121.544,4
2022-12-30 12:53:46-05:00,121.54,121.55,121.54,121.54,835.0,121.54,1
2022-12-30 12:53:47-05:00,121.54,121.55,121.53,121.55,10314.0,121.542,16
2022-12-30 12:53:48-05:00,121.54,121.55,121.54,121.55,2823.0,121.545,8
2022-12-30 12:53:49-05:00,121.54,121.55,121.53,121.54,2871.0,121.542,12
2022-12-30 12:53:50-05:00,121.54,121.54,121.53,121.54,2277.0,121.535,6
2022-12-30 12:53:51-05:00,121.54,121.54,121.53,121.54,500.0,121.538,2
2022-12-30 12:53:52-05:00,121.54,121.54,121.54,121.54,400.0,121.54,3
2022-12-30 12:53:53-05:00,121.55,121.55,121.54,121.55,400.0,121.545,3
2022-12-30 12:53:54-05:00,121.54,121.55,121.54,121.55,700.0,121.542,2
2022-12-30 12:53:55-05:00,121.54,121.55,121.54,121.55,1100.0,121.543,7
2022-12-30 12:53:56-05:00,121.55,121.55,121.55,121.55,306.0,121.55,3
2022-12-30 12:53:57-05:00,121.56,121.56,121.53,121.53,1400.0,121.548,13
2022-12-30 12:53:58-05:00,121.53,121.54,121.52,121.53,1764.0,121.53,5
2022-12-30 12:53:59-05:00,121.52,121.54,121.52,121.54,1800.0,121.529,9
2022-12-30 12:54:00-05:00,121.53,121.54,121.52,121.52,4820.0,121.528,8
2022-12-30 12:54:01-05:00,121.52,121.53,121.52,121.53,800.0,121.522,2
2022-12-30 12:54:02-05:00,121.53,121.53,121.52,121.53,2891.0,121.527,9
2022-12-30 12:54:03-05:00,121.53,121.53,121.51,121.51,3646.0,121.519,21
2022-12-30 12:54:04-05:00,121.51,121.52,121.5,121.51,2003.0,121.509,14
2022-12-30 12:54:05-05:00,121.52,121.52,121.5,121.5,2600.0,121.509,13
2022-12-30 12:54:06-05:00,121.51,121.52,121.43,121.45,40369.0,121.475,148
2022-12-30 12:54:07-05:00,121.45,121.45,121.42,121.43,7021.0,121.427,22
2022-12-30 12:54:08-05:00,121.43,121.46,121.42,121.42,9730.0,121.424,24
2022-12-30 12:54:09-05:00,121.42,121.43,121.41,121.43,1200.0,121.423,8
2022-12-30 12:54:10-05:00,121.42,121.42,121.4,121.42,4489.0,121.41,12
2022-12-30 12:54:11-05:00,121.43,121.43,121.37,121.38,9488.0,121.399,36
2022-12-30 12:54:12-05:00,121.38,121.38,121.36,121.38,7004.0,121.373,26
2022-12-30 12:54:13-05:00,121.38,121.39,121.36,121.36,5340.0,121.377,23
2022-12-30 12:54:14-05:00,121.37,121.39,121.36,121.37,3328.0,121.374,12
2022-12-30 12:54:15-05:00,121.36,121.39,121.36,121.38,3150.0,121.378,12
2022-12-30 12:54:16-05:00,121.39,121.41,121.38,121.39,4117.0,121.392,21
2022-12-30 12:54:17-05:00,121.38,121.4,121.38,121.39,3964.0,121.387,10
2022-12-30 12:54:18-05:00,121.39,121.41,121.39,121.41,7545.0,121.397,29
2022-12-30 12:54:19-05:00,121.4,121.44,121.4,121.41,7630.0,121.417,9
2022-12-30 12:54:20-05:00,121.41,121.42,121.41,121.41,5080.0,121.413,8
2022-12-30 12:54:21-05:00,121.42,121.42,121.4,121.42,2880.0,121.415,11
2022-12-30 12:54:22-05:00,121.43,121.43,121.41,121.42,2050.0,121.418,9
2022-12-30 12:54:23-05:00,121.42,121.42,121.41,121.42,300.0,121.418,2
2022-12-30 12:54:24-05:00,121.41,121.44,121.41,121.42,4382.0,121.419,18
2022-12-30 12:54:25-05:00,121.43,121.43,121.42,121.43,1665.0,121.427,5
2022-12-30 12:54:26-05:00,121.43,121.44,121.42,121.44,1125.0,121.432,4
2022-12-30 12:54:27-05:00,121.43,121.44,121.43,121.44,1000.0,121.433,2
2022-12-30 12:54:28-05:00,121.44,121.52,121.43,121.43,11837.0,121.479,46
2022-12-30 12:54:29-05:00,121.43,121.46,121.43,121.44,8870.0,121.435,9
2022-12-30 12:54:30-05:00,121.43,121.44,121.43,121.44,2360.0,121.433,5
2022-12-30 12:54:31-05:00,121.44,121.44,121.43,121.43,1295.0,121.438,3
2022-12-30 12:54:32-05:00,121.43,121.45,121.43,121.45,3091.0,121.441,11
2022-12-30 12:54:33-05:00,121.44,121.45,121.44,121.45,1325.0,121.443,7
2022-12-30 12:54:34-05:00,121.45,121.45,121.42,121.42,1966.0,121.425,9
2022-12-30 12:54:35-05:00,121.44,121.44,121.43,121.44,100.0,121.438,1
2022-12-30 12:54:36-05:00,121.43,121.43,121.42,121.43,600.0,121.424,4
2022-12-30 12:54:37-05:00,121.44,121.45,121.41,121.45,1377.0,121.429,9
2022-12-30 12:54:38-05:00,121.45,121.46,121.45,121.46,300.0,121.455,3
2022-12-30 12:54:39-05:00,121.45,121.45,121.41,121.42,5099.0,121.442,11
2022-12-30 12:54:40-05:00,121.42,121.43,121.4,121.41,9764.0,121.411,26
2022-12-30 12:54:41-05:00,121.4,121.41,121.39,121.4,400.0,121.401,4
2022-12-30 12:54:42-05:00,121.39,121.4,121.38,121.39,1794.0,121.39,11
2022-12-30 12:54:43-05:00,121.39,121.41,121.39,121.4,2942.0,121.397,8
2022-12-30 12:54:44-05:00,121.41,121.41,121.36,121.37,4115.0,121.382,21
2022-12-30 12:54:45-05:00,121.38,121.39,121.36,121.39,9245.0,121.381,21
2022-12-30 12:54:46-05:00,121.39,121.39,121.38,121.39,300.0,121.386,2
2022-12-30 12:54:47-05:00,121.39,121.4,121.38,121.38,3843.0,121.39,13
2022-12-30 12:54:48-05:00,121.37,121.38,121.35,121.37,3552.0,121.367,14
2022-12-30 12:54:49-05:00,121.37,121.38,121.36,121.36,4577.0,121.363,6
2022-12-30 12:54:50-05:00,121.37,121.37,121.35,121.37,7420.0,121.358,18
2022-12-30 12:54:51-05:00,121.36,121.37,121.35,121.36,4088.0,121.359,13
2022-12-30 12:54:52-05:00,121.36,121.37,121.34,121.35,8641.0,121.349,33
2022-12-30 12:54:53-05:00,121.34,121.36,121.34,121.35,8720.0,121.342,18
2022-12-30 12:54:54-05:00,121.35,121.37,121.35,121.36,4396.0,121.362,15
2022-12-30 12:54:55-05:00,121.36,121.37,121.35,121.35,1600.0,121.358,13
2022-12-30 12:54:56-05:00,121.36,121.36,121.35,121.36,2254.0,121.355,7
2022-12-30 12:54:57-05:00,121.35,121.37,121.35,121.36,1707.0,121.355,12
2022-12-30 12:54:58-05:00,121.35,121.35,121.34,121.35,2149.0,121.348,7
2022-12-30 12:54:59-05:00,121.35,121.35,121.34,121.34,2338.0,121.343,13
2022-12-30 12:55:00-05:00,121.34,121.36,121.34,121.35,500.0,121.353,3
2022-12-30 12:55:01-05:00,121.36,121.37,121.35,121.36,7701.0,121.355,17
2022-12-30 12:55:02-05:00,121.36,121.37,121.35,121.37,3544.0,121.362,12
2022-12-30 12:55:03-05:00,121.36,121.37,121.33,121.34,3817.0,121.349,20
2022-12-30 12:55:04-05:00,121.34,121.34,121.28,121.32,12555.0,121.314,53
2022-12-30 12:55:05-05:00,121.33,121.33,121.28,121.33,11447.0,121.324,16
2022-12-30 12:55:06-05:00,121.33,121.34,121.32,121.33,9291.0,121.327,23
2022-12-30 12:55:07-05:00,121.33,121.35,121.32,121.33,5191.0,121.343,19
2022-12-30 12:55:08-05:00,121.33,121.35,121.32,121.32,7622.0,121.329,15
2022-12-30 12:55:09-05:00,121.32,121.36,121.32,121.36,1900.0,121.337,9
2022-12-30 12:55:10-05:00,121.35,121.37,121.34,121.34,3510.0,121.363,12
2022-12-30 12:55:11-05:00,121.34,121.35,121.34,121.35,1230.0,121.342,7
2022-12-30 12:55:12-05:00,121.34,121.35,121.33,121.33,13233.0,121.34,45
2022-12-30 12:55:13-05:00,121.33,121.35,121.33,121.34,1977.0,121.337,6
2022-12-30 12:55:14-05:00,121.34,121.35,121.34,121.34,1400.0,121.342,9
2022-12-30 12:55:15-05:00,121.34,121.35,121.34,121.35,652.0,121.346,2
2022-12-30 12:55:16-05:00,121.35,121.35,121.34,121.34,600.0,121.346,3
2022-12-30 12:55:17-05:00,121.35,121.35,121.34,121.34,1892.0,121.347,8
2022-12-30 12:55:18-05:00,121.34,121.35,121.3,121.32,4046.0,121.322,23
2022-12-30 12:55:19-05:00,121.31,121.37,121.31,121.36,3092.0,121.346,16
2022-12-30 12:55:20-05:00,121.35,121.37,121.35,121.37,700.0,121.354,2
2022-12-30 12:55:21-05:00,121.37,121.37,121.35,121.37,10010.0,121.368,9
2022-12-30 12:55:22-05:00,121.38,121.4,121.37,121.38,9252.0,121.383,19
2022-12-30 12:55:23-05:00,121.38,121.4,121.37,121.4,8487.0,121.389,17
2022-12-30 12:55:24-05:00,121.4,121.48,121.4,121.47,15070.0,121.437,56
2022-12-30 12:55:25-05:00,121.46,121.48,121.4,121.41,4135.0,121.458,19
2022-12-30 12:55:26-05:00,121.42,121.42,121.41,121.42,3500.0,121.411,10
2022-12-30 12:55:27-05:00,121.4,121.41,121.4,121.41,720.0,121.402,3
2022-12-30 12:55:28-05:00,121.42,121.42,121.39,121.4,4418.0,121.402,15
2022-12-30 12:55:29-05:00,121.39,121.41,121.39,121.41,950.0,121.402,5
2022-12-30 12:55:30-05:00,121.4,121.41,121.4,121.41,8556.0,121.409,5
2022-12-30 12:55:31-05:00,121.4,121.43,121.4,121.42,3036.0,121.414,15
2022-12-30 12:55:32-05:00,121.43,121.44,121.42,121.42,4738.0,121.426,27
2022-12-30 12:55:33-05:00,121.41,121.41,121.4,121.41,577.0,121.41,4
2022-12-30 12:55:34-05:00,121.4,121.4,121.37,121.39,1813.0,121.387,12
2022-12-30 12:55:35-05:00,121.39,121.4,121.39,121.4,5094.0,121.4,15
2022-12-30 12:55:36-05:00,121.4,121.4,121.39,121.4,2500.0,121.397,1
2022-12-30 12:55:37-05:00,121.39,121.41,121.39,121.4,4122.0,121.4,22
2022-12-30 12:55:38-05:00,121.39,121.4,121.39,121.4,3500.0,121.396,19
2022-12-30 12:55:39-05:00,121.41,121.41,121.4,121.4,1922.0,121.403,3
2022-12-30 12:55:40-05:00,121.4,121.4,121.4,121.4,100.0,121.4,1
2022-12-30 12:55:41-05:00,121.39,121.39,121.38,121.38,1104.0,121.388,7
2022-12-30 12:55:42-05:00,121.38,121.39,121.38,121.39,700.0,121.384,4
2022-12-30 12:55:43-05:00,121.39,121.39,121.37,121.38,2900.0,121.384,4
2022-12-30 12:55:44-05:00,121.38,121.39,121.38,121.38,3850.0,121.38,2
2022-12-30 12:55:45-05:00,121.38,121.38,121.38,121.38,200.0,121.38,2
2022-12-30 12:55:46-05:00,121.38,121.39,121.37,121.39,505.0,121.384,4
2022-12-30 12:55:47-05:00,121.39,121.41,121.38,121.41,6510.0,121.4,24
2022-12-30 12:55:48-05:00,121.41,121.41,121.41,121.41,200.0,121.41,2
2022-12-30 12:55:49-05:00,121.38,121.38,121.37,121.37,751.0,121.374,5
2022-12-30 12:55:50-05:00,121.36,121.37,121.34,121.37,6642.0,121.352,23
2022-12-30 12:55:51-05:00,121.35,121.35,121.35,121.35,1040.0,121.35,3
2022-12-30 12:55:52-05:00,121.36,121.37,121.36,121.37,3900.0,121.362,5
2022-12-30 12:55:53-05:00,121.36,121.36,121.35,121.36,650.0,121.357,4
2022-12-30 12:55:54-05:00,121.35,121.35,121.34,121.34,420.0,121.342,3
2022-12-30 12:55:55-05:00,121.34,121.35,121.34,121.34,710.0,121.341,6
2022-12-30 12:55:56-05:00,121.34,121.35,121.34,121.34,1198.0,121.346,6
2022-12-30 12:55:57-05:00,121.34,121.35,121.34,121.35,7534.0,121.342,24
2022-12-30 12:55:58-05:00,121.34,121.39,121.34,121.38,2835.0,121.361,9
2022-12-30 12:55:59-05:00,121.38,121.38,121.38,121.38,200.0,121.38,1
2022-12-30 12:56:00-05:00,121.38,121.39,121.34,121.35,39961.0,121.351,21
2022-12-30 12:56:01-05:00,121.34,121.35,121.34,121.34,450.0,121.341,1
2022-12-30 12:56:02-05:00,121.35,121.35,121.34,121.34,1000.0,121.342,5
2022-12-30 12:56:03-05:00,121.34,121.35,121.34,121.34,600.0,121.343,6
2022-12-30 12:56:04-05:00,121.35,121.36,121.34,121.36,1181.0,121.347,10
2022-12-30 12:56:05-05:00,121.34,121.37,121.34,121.37,1124.0,121.356,9
2022-12-30 12:56:06-05:00,121.36,121.38,121.35,121.37,1400.0,121.361,4
2022-12-30 12:56:07-05:00,121.36,121.36,121.35,121.36,300.0,121.356,3
2022-12-30 12:56:08-05:00,121.36,121.36,121.34,121.34,1505.0,121.347,9
2022-12-30 12:56:09-05:00,121.35,121.35,121.34,121.34,200.0,121.347,2
2022-12-30 12:56:10-05:00,121.34,121.35,121.34,121.34,0.0,121.34,0
2022-12-30 12:56:11-05:00,121.34,121.35,121.34,121.35,1032.0,121.349,6
2022-12-30 12:56:12-05:00,121.35,121.36,121.35,121.36,400.0,121.358,4
2022-12-30 12:56:13-05:00,121.37,121.37,121.37,121.37,1300.0,121.37,5
2022-12-30 12:56:14-05:00,121.37,121.38,121.37,121.38,872.0,121.374,4
2022-12-30 12:56:15-05:00,121.38,121.4,121.38,121.38,1650.0,121.395,10
2022-12-30 12:56:16-05:00,121.37,121.37,121.34,121.35,10597.0,121.358,11
2022-12-30 12:56:17-05:00,121.35,121.35,121.34,121.34,350.0,121.343,2
2022-12-30 12:56:18-05:00,121.35,121.37,121.34,121.37,1195.0,121.356,6
2022-12-30 12:56:19-05:00,121.38,121.41,121.37,121.4,3545.0,121.391,15
2022-12-30 12:56:20-05:00,121.38,121.41,121.37,121.4,4297.0,121.386,21
2022-12-30 12:56:21-05:00,121.42,121.44,121.41,121.43,10714.0,121.431,30
2022-12-30 12:56:22-05:00,121.43,121.43,121.42,121.42,5056.0,121.425,12
2022-12-30 12:56:23-05:00,121.42,121.42,121.4,121.42,2397.0,121.41,13
2022-12-30 12:56:24-05:00,121.43,121.43,121.42,121.42,1732.0,121.423,6
2022-12-30 12:56:25-05:00,121.43,121.44,121.42,121.42,2277.0,121.426,6
2022-12-30 12:56:26-05:00,121.42,121.42,121.4,121.41,1700.0,121.417,13
2022-12-30 12:56:27-05:00,121.41,121.41,121.41,121.41,0.0,121.41,0
2022-12-30 12:56:28-05:00,121.4,121.41,121.4,121.41,200.0,121.403,2
2022-12-30 12:56:29-05:00,121.41,121.43,121.37,121.38,5249.0,121.397,28
2022-12-30 12:56:30-05:00,121.38,121.39,121.38,121.38,600.0,121.38,4
2022-12-30 12:56:31-05:00,121.38,121.4,121.38,121.4,2700.0,121.399,3
2022-12-30 12:56:32-05:00,121.41,121.42,121.39,121.41,5359.0,121.405,4
2022-12-30 12:56:33-05:00,121.41,121.41,121.4,121.4,889.0,121.403,3
2022-12-30 12:56:34-05:00,121.42,121.42,121.42,121.42,160.0,121.42,1
2022-12-30 12:56:35-05:00,121.43,121.43,121.41,121.41,900.0,121.421,4
2022-12-30 12:56:36-05:00,121.41,121.41,121.4,121.41,2700.0,121.402,6
2022-12-30 12:56:37-05:00,121.4,121.41,121.39,121.4,2600.0,121.398,5
2022-12-30 12:56:38-05:00,121.39,121.39,121.36,121.37,2450.0,121.374,12
2022-12-30 12:56:39-05:00,121.37,121.39,121.37,121.39,1382.0,121.382,5
2022-12-30 12:56:40-05:00,121.39,121.39,121.38,121.38,1650.0,121.388,3
2022-12-30 12:56:41-05:00,121.36,121.36,121.35,121.35,3890.0,121.359,13
2022-12-30 12:56:42-05:00,121.36,121.36,121.35,121.35,1180.0,121.35,3
2022-12-30 12:56:43-05:00,121.34,121.35,121.34,121.34,2029.0,121.341,15
2022-12-30 12:56:44-05:00,121.33,121.34,121.33,121.33,3949.0,121.331,6
2022-12-30 12:56:45-05:00,121.34,121.34,121.33,121.34,3077.0,121.332,9
2022-12-30 12:56:46-05:00,121.33,121.34,121.3,121.3,4231.0,121.313,29
2022-12-30 12:56:47-05:00,121.31,121.31,121.3,121.31,8975.0,121.305,21
2022-12-30 12:56:48-05:00,121.32,121.32,121.3,121.31,3877.0,121.312,10
2022-12-30 12:56:49-05:00,121.3,121.31,121.3,121.31,3260.0,121.303,8
2022-12-30 12:56:50-05:00,121.31,121.33,121.31,121.33,4114.0,121.315,25
2022-12-30 12:56:51-05:00,121.32,121.33,121.31,121.32,3218.0,121.315,10
2022-12-30 12:56:52-05:00,121.31,121.32,121.31,121.32,1052.0,121.317,5
2022-12-30 12:56:53-05:00,121.32,121.32,121.31,121.32,2400.0,121.32,5
2022-12-30 12:56:54-05:00,121.32,121.33,121.31,121.31,1583.0,121.316,10
2022-12-30 12:56:55-05:00,121.32,121.32,121.3,121.32,1000.0,121.315,3
2022-12-30 12:56:56-05:00,121.3,121.31,121.3,121.31,700.0,121.305,4
2022-12-30 12:56:57-05:00,121.3,121.3,121.26,121.28,7967.0,121.289,31
2022-12-30 12:56:58-05:00,121.27,121.28,121.26,121.28,3700.0,121.273,7
2022-12-30 12:56:59-05:00,121.28,121.29,121.27,121.29,1211.0,121.285,7
2022-12-30 12:57:00-05:00,121.29,121.31,121.27,121.31,5898.0,121.282,14
2022-12-30 12:57:01-05:00,121.31,121.31,121.29,121.3,14500.0,121.298,14
2022-12-30 12:57:02-05:00,121.31,121.31,121.3,121.3,200.0,121.304,2
2022-12-30 12:57:03-05:00,121.3,121.32,121.3,121.31,1383.0,121.308,13
2022-12-30 12:57:04-05:00,121.31,121.33,121.31,121.31,1195.0,121.316,8
2022-12-30 12:57:05-05:00,121.32,121.34,121.31,121.34,1700.0,121.331,12
2022-12-30 12:57:06-05:00,121.34,121.37,121.34,121.36,4461.0,121.354,18
2022-12-30 12:57:07-05:00,121.37,121.38,121.35,121.38,3274.0,121.373,17
2022-12-30 12:57:08-05:00,121.38,121.38,121.33,121.34,5470.0,121.36,24
2022-12-30 12:57:09-05:00,121.34,121.34,121.33,121.33,200.0,121.333,2
2022-12-30 12:57:10-05:00,121.34,121.34,121.3,121.31,2385.0,121.318,10
2022-12-30 12:57:11-05:00,121.31,121.31,121.3,121.3,2085.0,121.305,9
2022-12-30 12:57:12-05:00,121.3,121.3,121.28,121.29,1255.0,121.292,9
2022-12-30 12:57:13-05:00,121.31,121.32,121.3,121.3,3100.0,121.306,7
2022-12-30 12:57:14-05:00,121.33,121.33,121.33,121.33,234.0,121.33,2
2022-12-30 12:57:15-05:00,121.34,121.35,121.33,121.33,602.0,121.342,4
2022-12-30 12:57:16-05:00,121.34,121.34,121.34,121.34,700.0,121.34,1
2022-12-30 12:57:17-05:00,121.34,121.36,121.34,121.35,2925.0,121.348,13
2022-12-30 12:57:18-05:00,121.35,121.35,121.34,121.35,100.0,121.348,1
2022-12-30 12:57:19-05:00,121.34,121.35,121.34,121.34,2048.0,121.343,8
2022-12-30 12:57:20-05:00,121.35,121.35,121.32,121.32,512.0,121.334,5
2022-12-30 12:57:21-05:00,121.31,121.32,121.31,121.32,7879.0,121.31,3
2022-12-30 12:57:22-05:00,121.31,121.32,121.31,121.31,1748.0,121.313,9
2022-12-30 12:57:23-05:00,121.31,121.32,121.3,121.31,800.0,121.316,5
2022-12-30 12:57:24-05:00,121.32,121.33,121.32,121.32,220.0,121.322,2
2022-12-30 12:57:25-05:00,121.31,121.32,121.3,121.3,800.0,121.307,2
2022-12-30 12:57:26-05:00,121.3,121.32,121.3,121.31,1212.0,121.309,7
2022-12-30 12:57:27-05:00,121.31,121.31,121.31,121.31,500.0,121.31,1
2022-12-30 12:57:28-05:00,121.31,121.31,121.31,121.31,2539.0,121.31,3
2022-12-30 12:57:29-05:00,121.31,121.31,121.31,121.31,700.0,121.31,2
2022-12-30 12:57:30-05:00,121.31,121.32,121.3,121.3,1500.0,121.302,11
2022-12-30 12:57:31-05:00,121.3,121.3,121.29,121.29,1499.0,121.297,3
2022-12-30 12:57:32-05:00,121.3,121.31,121.29,121.31,1300.0,121.304,7
2022-12-30 12:57:33-05:00,121.31,121.36,121.3,121.36,4608.0,121.342,22
2022-12-30 12:57:34-05:00,121.36,121.36,121.35,121.36,1100.0,121.359,2
2022-12-30 12:57:35-05:00,121.36,121.37,121.35,121.35,479.0,121.359,3
2022-12-30 12:57:36-05:00,121.34,121.37,121.33,121.37,1077.0,121.345,6
2022-12-30 12:57:37-05:00,121.34,121.34,121.34,121.34,245.0,121.34,2
2022-12-30 12:57:38-05:00,121.34,121.36,121.33,121.36,2009.0,121.345,10
2022-12-30 12:57:39-05:00,121.36,121.36,121.36,121.36,0.0,121.36,0
2022-12-30 12:57:40-05:00,121.38,121.44,121.37,121.42,7542.0,121.426,20
2022-12-30 12:57:41-05:00,121.43,121.43,121.41,121.41,2250.0,121.413,5
2022-12-30 12:57:42-05:00,121.4,121.4,121.38,121.38,1750.0,121.393,8
2022-12-30 12:57:43-05:00,121.39,121.39,121.38,121.38,2410.0,121.382,6
2022-12-30 12:57:44-05:00,121.38,121.38,121.37,121.38,1564.0,121.38,7
2022-12-30 12:57:45-05:00,121.37,121.37,121.35,121.36,2425.0,121.361,15
2022-12-30 12:57:46-05:00,121.37,121.37,121.36,121.36,710.0,121.361,2
2022-12-30 12:57:47-05:00,121.36,121.36,121.36,121.36,0.0,121.36,0
2022-12-30 12:57:48-05:00,121.34,121.35,121.31,121.31,2895.0,121.33,13
2022-12-30 12:57:49-05:00,121.32,121.34,121.32,121.34,3350.0,121.334,6
2022-12-30 12:57:50-05:00,121.32,121.32,121.3,121.3,9266.0,121.305,30
2022-12-30 12:57:51-05:00,121.3,121.32,121.29,121.31,11129.0,121.307,26
2022-12-30 12:57:52-05:00,121.32,121.34,121.31,121.31,2271.0,121.321,11
2022-12-30 12:57:53-05:00,121.34,121.34,121.3,121.31,2780.0,121.315,13
2022-12-30 12:57:54-05:00,121.3,121.31,121.3,121.3,2803.0,121.3,15
2022-12-30 12:57:55-05:00,121.3,121.32,121.3,121.3,2200.0,121.302,9
2022-12-30 12:57:56-05:00,121.31,121.31,121.29,121.3,5601.0,121.299,7
2022-12-30 12:57:57-05:00,121.29,121.3,121.29,121.29,3615.0,121.292,8
2022-12-30 12:57:58-05:00,121.29,121.29,121.27,121.28,1034.0,121.286,5
2022-12-30 12:57:59-05:00,121.28,121.31,121.28,121.3,4775.0,121.283,7
2022-12-30 12:58:00-05:00,121.3,121.31,121.3,121.3,825.0,121.303,3
2022-12-30 12:58:01-05:00,121.31,121.32,121.3,121.32,2737.0,121.308,8
2022-12-30 12:58:02-05:00,121.31,121.31,121.28,121.29,1300.0,121.293,11
2022-12-30 12:58:03-05:00,121.28,121.3,121.28,121.3,2540.0,121.284,6
2022-12-30 12:58:04-05:00,121.29,121.31,121.28,121.29,4339.0,121.292,24
2022-12-30 12:58:05-05:00,121.3,121.32,121.3,121.31,4150.0,121.305,6
2022-12-30 12:58:06-05:00,121.32,121.36,121.32,121.34,2472.0,121.335,13
2022-12-30 12:58:07-05:00,121.34,121.36,121.34,121.36,2500.0,121.351,4
2022-12-30 12:58:08-05:00,121.35,121.36,121.35,121.36,1900.0,121.352,7
2022-12-30 12:58:09-05:00,121.35,121.37,121.31,121.31,11783.0,121.322,15
2022-12-30 12:58:10-05:00,121.31,121.31,121.3,121.3,1000.0,121.304,8
2022-12-30 12:58:11-05:00,121.3,121.31,121.29,121.3,4090.0,121.3,4
2022-12-30 12:58:12-05:00,121.3,121.31,121.3,121.31,500.0,121.305,5
2022-12-30 12:58:13-05:00,121.31,121.33,121.31,121.32,600.0,121.317,2
2022-12-30 12:58:14-05:00,121.32,121.34,121.32,121.34,2250.0,121.336,6
2022-12-30 12:58:15-05:00,121.33,121.33,121.32,121.32,700.0,121.323,6
2022-12-30 12:58:16-05:00,121.34,121.36,121.34,121.36,348.0,121.35,3
2022-12-30 12:58:17-05:00,121.33,121.34,121.33,121.33,940.0,121.33,3
2022-12-30 12:58:18-05:00,121.33,121.34,121.32,121.32,2887.0,121.333,3
2022-12-30 12:58:19-05:00,121.34,121.35,121.33,121.33,1555.0,121.339,6
2022-12-30 12:58:20-05:00,121.33,121.33,121.33,121.33,0.0,121.33,0
2022-12-30 12:58:21-05:00,121.35,121.38,121.34,121.34,5439.0,121.356,11
2022-12-30 12:58:22-05:00,121.35,121.35,121.33,121.34,4370.0,121.335,10
2022-12-30 12:58:23-05:00,121.34,121.34,121.32,121.32,800.0,121.324,4
2022-12-30 12:58:24-05:00,121.32,121.33,121.31,121.33,860.0,121.324,4
2022-12-30 12:58:25-05:00,121.33,121.37,121.33,121.36,9378.0,121.359,15
2022-12-30 12:58:26-05:00,121.36,121.36,121.35,121.35,777.0,121.355,5
2022-12-30 12:58:27-05:00,121.35,121.35,121.34,121.34,400.0,121.348,4
2022-12-30 12:58:28-05:00,121.32,121.32,121.32,121.32,200.0,121.32,2
2022-12-30 12:58:29-05:00,121.33,121.33,121.32,121.33,940.0,121.329,3
2022-12-30 12:58:30-05:00,121.33,121.35,121.32,121.35,950.0,121.331,3
2022-12-30 12:58:31-05:00,121.35,121.37,121.35,121.37,200.0,121.36,2
2022-12-30 12:58:32-05:00,121.36,121.37,121.36,121.36,100.0,121.363,1
2022-12-30 12:58:33-05:00,121.35,121.36,121.35,121.35,425.0,121.353,1
2022-12-30 12:58:34-05:00,121.37,121.39,121.37,121.39,1321.0,121.376,12
2022-12-30 12:58:35-05:00,121.39,121.39,121.36,121.36,4782.0,121.376,8
2022-12-30 12:58:36-05:00,121.36,121.36,121.35,121.36,600.0,121.358,4
2022-12-30 12:58:37-05:00,121.35,121.37,121.35,121.37,500.0,121.358,3
2022-12-30 12:58:38-05:00,121.36,121.36,121.34,121.35,785.0,121.354,7
2022-12-30 12:58:39-05:00,121.35,121.36,121.35,121.35,1831.0,121.35,2
2022-12-30 12:58:40-05:00,121.35,121.36,121.34,121.34,265.0,121.351,2
2022-12-30 12:58:41-05:00,121.34,121.35,121.32,121.32,4550.0,121.325,9
2022-12-30 12:58:42-05:00,121.33,121.33,121.3,121.31,2746.0,121.316,9
2022-12-30 12:58:43-05:00,121.31,121.32,121.3,121.32,1400.0,121.311,11
2022-12-30 12:58:44-05:00,121.32,121.32,121.31,121.32,723.0,121.316,5
2022-12-30 12:58:45-05:00,121.33,121.33,121.29,121.3,5822.0,121.312,15
2022-12-30 12:58:46-05:00,121.34,121.34,121.27,121.27,4161.0,121.302,13
2022-12-30 12:58:47-05:00,121.27,121.29,121.27,121.28,4000.0,121.278,7
2022-12-30 12:58:48-05:00,121.27,121.28,121.27,121.28,3050.0,121.274,7
2022-12-30 12:58:49-05:00,121.28,121.33,121.28,121.32,2157.0,121.309,9
2022-12-30 12:58:50-05:00,121.33,121.33,121.31,121.31,1532.0,121.325,6
2022-12-30 12:58:51-05:00,121.31,121.32,121.31,121.31,1340.0,121.312,6
2022-12-30 12:58:52-05:00,121.33,121.33,121.31,121.31,549.0,121.321,5
2022-12-30 12:58:53-05:00,121.32,121.33,121.3,121.31,2172.0,121.321,11
2022-12-30 12:58:54-05:00,121.31,121.31,121.28,121.28,2021.0,121.29,9
2022-12-30 12:58:55-05:00,121.29,121.3,121.29,121.3,400.0,121.294,2
2022-12-30 12:58:56-05:00,121.3,121.31,121.29,121.3,1350.0,121.3,7
2022-12-30 12:58:57-05:00,121.31,121.31,121.31,121.31,400.0,121.31,1
2022-12-30 12:58:58-05:00,121.3,121.33,121.3,121.33,1000.0,121.307,5
2022-12-30 12:58:59-05:00,121.32,121.33,121.32,121.33,989.0,121.324,3
2022-12-30 12:59:00-05:00,121.33,121.36,121.33,121.35,1010.0,121.342,9
2022-12-30 12:59:01-05:00,121.33,121.34,121.3,121.32,1600.0,121.327,7
2022-12-30 12:59:02-05:00,121.33,121.35,121.33,121.34,1029.0,121.336,5
2022-12-30 12:59:03-05:00,121.31,121.32,121.3,121.32,3355.0,121.307,16
2022-12-30 12:59:04-05:00,121.32,121.32,121.31,121.31,3086.0,121.315,10
2022-12-30 12:59:05-05:00,121.31,121.31,121.3,121.31,1197.0,121.31,1
2022-12-30 12:59:06-05:00,121.31,121.32,121.3,121.31,3726.0,121.31,10
2022-12-30 12:59:07-05:00,121.3,121.3,121.27,121.27,2446.0,121.283,12
2022-12-30 12:59:08-05:00,121.27,121.3,121.27,121.29,829.0,121.285,5
2022-12-30 12:59:09-05:00,121.29,121.29,121.27,121.28,2695.0,121.277,13
2022-12-30 12:59:10-05:00,121.28,121.3,121.28,121.3,1995.0,121.294,15
2022-12-30 12:59:11-05:00,121.29,121.29,121.29,121.29,500.0,121.29,1
2022-12-30 12:59:12-05:00,121.29,121.29,121.29,121.29,100.0,121.29,1
2022-12-30 12:59:13-05:00,121.28,121.29,121.28,121.28,1227.0,121.283,6
2022-12-30 12:59:14-05:00,121.28,121.29,121.27,121.28,3396.0,121.272,17
2022-12-30 12:59:15-05:00,121.28,121.29,121.28,121.29,1100.0,121.284,2
2022-12-30 12:59:16-05:00,121.28,121.28,121.27,121.27,6109.0,121.279,8
2022-12-30 12:59:17-05:00,121.27,121.28,121.27,121.28,1050.0,121.274,3
2022-12-30 12:59:18-05:00,121.28,121.29,121.28,121.28,3456.0,121.281,10
2022-12-30 12:59:19-05:00,121.29,121.29,121.28,121.28,1150.0,121.285,5
2022-12-30 12:59:20-05:00,121.29,121.3,121.29,121.3,800.0,121.296,8
2022-12-30 12:59:21-05:00,121.3,121.3,121.28,121.29,6002.0,121.284,7
2022-12-30 12:59:22-05:00,121.29,121.29,121.26,121.27,5296.0,121.276,21
2022-12-30 12:59:23-05:00,121.28,121.29,121.28,121.29,703.0,121.287,5
2022-12-30 12:59:24-05:00,121.29,121.32,121.27,121.32,4025.0,121.292,9
2022-12-30 12:59:25-05:00,121.33,121.34,121.32,121.33,1990.0,121.325,6
2022-12-30 12:59:26-05:00,121.32,121.34,121.32,121.32,5000.0,121.332,7
2022-12-30 12:59:27-05:00,121.31,121.33,121.31,121.32,2976.0,121.319,12
2022-12-30 12:59:28-05:00,121.31,121.32,121.3,121.31,1500.0,121.308,7
2022-12-30 12:59:29-05:00,121.3,121.31,121.3,121.31,4113.0,121.305,2
2022-12-30 12:59:30-05:00,121.31,121.31,121.3,121.31,400.0,121.305,2
2022-12-30 12:59:31-05:00,121.31,121.31,121.3,121.3,1325.0,121.308,8
2022-12-30 12:59:32-05:00,121.3,121.31,121.29,121.31,1400.0,121.301,6
2022-12-30 12:59:33-05:00,121.32,121.35,121.32,121.34,6507.0,121.342,16
2022-12-30 12:59:34-05:00,121.35,121.36,121.34,121.35,5233.0,121.353,21
2022-12-30 12:59:35-05:00,121.35,121.4,121.34,121.38,12789.0,121.385,49
2022-12-30 12:59:36-05:00,121.39,121.42,121.37,121.42,7780.0,121.389,30
2022-12-30 12:59:37-05:00,121.42,121.43,121.41,121.42,1830.0,121.415,7
2022-12-30 12:59:38-05:00,121.43,121.43,121.41,121.42,5258.0,121.421,17
2022-12-30 12:59:39-05:00,121.43,121.44,121.4,121.42,4255.0,121.427,22
2022-12-30 12:59:40-05:00,121.4,121.42,121.39,121.41,12179.0,121.402,30
2022-12-30 12:59:41-05:00,121.42,121.44,121.41,121.41,1200.0,121.418,5
2022-12-30 12:59:42-05:00,121.42,121.42,121.4,121.41,2465.0,121.406,9
2022-12-30 12:59:43-05:00,121.4,121.41,121.4,121.41,4138.0,121.403,14
2022-12-30 12:59:44-05:00,121.43,121.44,121.4,121.43,4510.0,121.421,13
2022-12-30 12:59:45-05:00,121.41,121.42,121.41,121.42,1700.0,121.415,4
2022-12-30 12:59:46-05:00,121.4,121.42,121.4,121.4,4700.0,121.405,12
2022-12-30 12:59:47-05:00,121.41,121.44,121.4,121.43,4059.0,121.429,22
2022-12-30 12:59:48-05:00,121.43,121.44,121.42,121.42,2301.0,121.431,8
2022-12-30 12:59:49-05:00,121.43,121.5,121.43,121.49,13268.0,121.467,49
2022-12-30 12:59:50-05:00,121.49,121.51,121.48,121.5,6027.0,121.499,25
2022-12-30 12:59:51-05:00,121.51,121.54,121.51,121.53,9031.0,121.527,51
2022-12-30 12:59:52-05:00,121.53,121.56,121.52,121.54,5212.0,121.549,18
2022-12-30 12:59:53-05:00,121.53,121.63,121.5,121.63,21539.0,121.574,73
2022-12-30 12:59:54-05:00,121.62,121.63,121.59,121.59,9454.0,121.617,26
2022-12-30 12:59:55-05:00,121.6,121.64,121.57,121.58,10858.0,121.603,24
2022-12-30 12:59:56-05:00,121.63,121.63,121.57,121.57,5545.0,121.609,14
2022-12-30 12:59:57-05:00,121.58,121.61,121.58,121.59,2644.0,121.589,14
2022-12-30 12:59:58-05:00,121.61,121.61,121.57,121.59,9153.0,121.583,56
2022-12-30 12:59:59-05:00,121.59,121.64,121.58,121.64,3641.0,121.6,20
2022-12-30 13:00:00-05:00,121.64,121.65,121.58,121.59,2222.0,121.618,13
2022-12-30 13:00:01-05:00,121.58,121.6,121.56,121.59,5549.0,121.583,17
2022-12-30 13:00:02-05:00,121.58,121.59,121.55,121.58,7525.0,121.573,14
2022-12-30 13:00:03-05:00,121.58,121.6,121.51,121.52,9317.0,121.543,30
2022-12-30 13:00:04-05:00,121.52,121.56,121.51,121.54,1950.0,121.538,14
2022-12-30 13:00:05-05:00,121.55,121.59,121.54,121.58,6534.0,121.562,23
2022-12-30 13:00:06-05:00,121.58,121.58,121.54,121.55,3164.0,121.55,22
2022-12-30 13:00:07-05:00,121.53,121.55,121.52,121.54,11272.0,121.526,12
2022-12-30 13:00:08-05:00,121.53,121.54,121.52,121.53,1530.0,121.533,6
2022-12-30 13:00:09-05:00,121.55,121.57,121.54,121.55,4037.0,121.55,17
2022-12-30 13:00:10-05:00,121.54,121.54,121.48,121.5,13540.0,121.517,29
2022-12-30 13:00:11-05:00,121.5,121.56,121.49,121.56,4805.0,121.52,19
2022-12-30 13:00:12-05:00,121.55,121.58,121.55,121.58,3845.0,121.561,17
2022-12-30 13:00:13-05:00,121.58,121.58,121.53,121.53,2278.0,121.564,17
2022-12-30 13:00:14-05:00,121.51,121.54,121.51,121.53,2500.0,121.519,7
2022-12-30 13:00:15-05:00,121.53,121.54,121.51,121.53,2643.0,121.525,21
2022-12-30 13:00:16-05:00,121.52,121.52,121.48,121.51,3488.0,121.508,13
2022-12-30 13:00:17-05:00,121.5,121.5,121.47,121.49,5899.0,121.477,23
2022-12-30 13:00:18-05:00,121.5,121.54,121.5,121.54,9098.0,121.526,24
2022-12-30 13:00:19-05:00,121.54,121.54,121.53,121.54,1467.0,121.537,12
2022-12-30 13:00:20-05:00,121.54,121.54,121.51,121.53,3253.0,121.521,12
2022-12-30 13:00:21-05:00,121.51,121.51,121.5,121.51,1000.0,121.509,5
2022-12-30 13:00:22-05:00,121.51,121.51,121.5,121.51,600.0,121.51,4
2022-12-30 13:00:23-05:00,121.5,121.54,121.49,121.54,2274.0,121.503,15
2022-12-30 13:00:24-05:00,121.55,121.55,121.52,121.55,1071.0,121.539,7
2022-12-30 13:00:25-05:00,121.56,121.59,121.53,121.55,3180.0,121.572,17
2022-12-30 13:00:26-05:00,121.53,121.54,121.53,121.54,1500.0,121.537,6
2022-12-30 13:00:27-05:00,121.52,121.53,121.49,121.49,2274.0,121.503,10
2022-12-30 13:00:28-05:00,121.49,121.52,121.48,121.51,7359.0,121.513,13
2022-12-30 13:00:29-05:00,121.51,121.53,121.51,121.52,1600.0,121.514,3
2022-12-30 13:00:30-05:00,121.52,121.52,121.5,121.5,1216.0,121.505,5
2022-12-30 13:00:31-05:00,121.51,121.54,121.5,121.54,2900.0,121.512,5
2022-12-30 13:00:32-05:00,121.54,121.54,121.5,121.5,6486.0,121.521,9
2022-12-30 13:00:33-05:00,121.51,121.53,121.5,121.5,4400.0,121.51,16
2022-12-30 13:00:34-05:00,121.5,121.5,121.47,121.49,1329.0,121.493,7
2022-12-30 13:00:35-05:00,121.46,121.48,121.46,121.47,1600.0,121.471,5
2022-12-30 13:00:36-05:00,121.46,121.47,121.45,121.47,2370.0,121.457,17
2022-12-30 13:00:37-05:00,121.48,121.48,121.46,121.47,2649.0,121.463,9
2022-12-30 13:00:38-05:00,121.46,121.46,121.44,121.44,1150.0,121.445,7
2022-12-30 13:00:39-05:00,121.45,121.46,121.43,121.43,2800.0,121.442,12
2022-12-30 13:00:40-05:00,121.43,121.44,121.43,121.44,900.0,121.437,6
2022-12-30 13:00:41-05:00,121.44,121.47,121.44,121.46,2405.0,121.459,9
2022-12-30 13:00:42-05:00,121.46,121.48,121.45,121.45,900.0,121.466,5
2022-12-30 13:00:43-05:00,121.49,121.5,121.49,121.5,320.0,121.498,2
2022-12-30 13:00:44-05:00,121.5,121.5,121.49,121.49,280.0,121.496,2
2022-12-30 13:00:45-05:00,121.48,121.49,121.48,121.49,6387.0,121.489,4
2022-12-30 13:00:46-05:00,121.48,121.48,121.46,121.47,623.0,121.471,6
2022-12-30 13:00:47-05:00,121.47,121.47,121.46,121.47,200.0,121.465,1
2022-12-30 13:00:48-05:00,121.48,121.48,121.45,121.45,3000.0,121.477,5
2022-12-30 13:00:49-05:00,121.46,121.48,121.45,121.48,1369.0,121.474,4
2022-12-30 13:00:50-05:00,121.45,121.45,121.4,121.41,3332.0,121.406,17
2022-12-30 13:00:51-05:00,121.42,121.45,121.42,121.44,2768.0,121.437,6
2022-12-30 13:00:52-05:00,121.44,121.45,121.42,121.42,1620.0,121.435,6
2022-12-30 13:00:53-05:00,121.42,121.43,121.41,121.41,1684.0,121.413,5
2022-12-30 13:00:54-05:00,121.42,121.42,121.4,121.41,1950.0,121.414,11
2022-12-30 13:00:55-05:00,121.43,121.45,121.43,121.43,4970.0,121.436,14
2022-12-30 13:00:56-05:00,121.43,121.48,121.41,121.48,4792.0,121.452,12
2022-12-30 13:00:57-05:00,121.46,121.49,121.46,121.48,2312.0,121.481,9
2022-12-30 13:00:58-05:00,121.47,121.49,121.47,121.48,1024.0,121.478,5
2022-12-30 13:00:59-05:00,121.47,121.47,121.45,121.45,799.0,121.458,5
2022-12-30 13:01:00-05:00,121.45,121.46,121.45,121.46,1903.0,121.451,9
2022-12-30 13:01:01-05:00,121.44,121.45,121.43,121.43,1410.0,121.439,8
2022-12-30 13:01:02-05:00,121.42,121.43,121.42,121.43,2200.0,121.425,11
2022-12-30 13:01:03-05:00,121.45,121.46,121.43,121.46,1886.0,121.445,8
2022-12-30 13:01:04-05:00,121.48,121.49,121.48,121.49,503.0,121.483,4
2022-12-30 13:01:05-05:00,121.49,121.5,121.48,121.5,3660.0,121.488,9
2022-12-30 13:01:06-05:00,121.5,121.5,121.47,121.47,2400.0,121.486,7
2022-12-30 13:01:07-05:00,121.47,121.49,121.43,121.45,5996.0,121.47,29
2022-12-30 13:01:08-05:00,121.46,121.46,121.41,121.41,4263.0,121.429,13
2022-12-30 13:01:09-05:00,121.41,121.41,121.38,121.4,7656.0,121.395,25
2022-12-30 13:01:10-05:00,121.38,121.4,121.37,121.38,4311.0,121.384,14
2022-12-30 13:01:11-05:00,121.37,121.38,121.36,121.37,7123.0,121.367,23
2022-12-30 13:01:12-05:00,121.36,121.39,121.36,121.39,1400.0,121.376,8
2022-12-30 13:01:13-05:00,121.38,121.39,121.37,121.39,800.0,121.383,7
2022-12-30 13:01:14-05:00,121.4,121.4,121.38,121.38,300.0,121.387,3
2022-12-30 13:01:15-05:00,121.38,121.43,121.37,121.43,6196.0,121.391,21
2022-12-30 13:01:16-05:00,121.41,121.41,121.39,121.4,2700.0,121.402,12
2022-12-30 13:01:17-05:00,121.37,121.37,121.36,121.37,800.0,121.369,5
2022-12-30 13:01:18-05:00,121.36,121.39,121.35,121.39,1400.0,121.37,9
2022-12-30 13:01:19-05:00,121.37,121.37,121.34,121.36,9886.0,121.358,22
2022-12-30 13:01:20-05:00,121.37,121.38,121.36,121.38,2073.0,121.368,4
2022-12-30 13:01:21-05:00,121.36,121.37,121.34,121.34,3420.0,121.349,7
2022-12-30 13:01:22-05:00,121.34,121.34,121.32,121.32,1931.0,121.332,16
2022-12-30 13:01:23-05:00,121.33,121.33,121.3,121.32,4338.0,121.314,15
2022-12-30 13:01:24-05:00,121.32,121.34,121.31,121.32,8711.0,121.32,11
2022-12-30 13:01:25-05:00,121.34,121.37,121.34,121.34,4616.0,121.361,10
2022-12-30 13:01:26-05:00,121.36,121.36,121.34,121.36,1750.0,121.346,8
2022-12-30 13:01:27-05:00,121.38,121.4,121.38,121.38,1421.0,121.387,6
2022-12-30 13:01:28-05:00,121.39,121.41,121.38,121.38,2695.0,121.395,8
2022-12-30 13:01:29-05:00,121.39,121.4,121.38,121.39,1053.0,121.391,8
2022-12-30 13:01:30-05:00,121.41,121.42,121.4,121.41,1180.0,121.408,6
2022-12-30 13:01:31-05:00,121.41,121.42,121.38,121.39,2772.0,121.403,5
2022-12-30 13:01:32-05:00,121.39,121.39,121.37,121.37,1600.0,121.383,9
2022-12-30 13:01:33-05:00,121.37,121.37,121.35,121.36,1300.0,121.362,12
2022-12-30 13:01:34-05:00,121.36,121.37,121.35,121.37,1339.0,121.36,9
2022-12-30 13:01:35-05:00,121.36,121.38,121.36,121.37,200.0,121.367,2
2022-12-30 13:01:36-05:00,121.39,121.39,121.37,121.37,1250.0,121.374,2
2022-12-30 13:01:37-05:00,121.37,121.41,121.36,121.41,900.0,121.381,7
2022-12-30 13:01:38-05:00,121.41,121.45,121.41,121.45,1241.0,121.426,7
2022-12-30 13:01:39-05:00,121.43,121.43,121.41,121.41,4800.0,121.414,17
2022-12-30 13:01:40-05:00,121.41,121.43,121.4,121.4,600.0,121.407,3
2022-12-30 13:01:41-05:00,121.41,121.42,121.4,121.4,960.0,121.409,6
2022-12-30 13:01:42-05:00,121.4,121.4,121.39,121.39,1753.0,121.398,12
2022-12-30 13:01:43-05:00,121.4,121.4,121.4,121.4,575.0,121.4,4
2022-12-30 13:01:44-05:00,121.39,121.39,121.39,121.39,600.0,121.39,1
2022-12-30 13:01:45-05:00,121.41,121.41,121.4,121.41,989.0,121.409,5
2022-12-30 13:01:46-05:00,121.41,121.41,121.38,121.39,846.0,121.392,7
2022-12-30 13:01:47-05:00,121.39,121.4,121.39,121.39,200.0,121.391,2
2022-12-30 13:01:48-05:00,121.38,121.42,121.38,121.42,1100.0,121.398,6
2022-12-30 13:01:49-05:00,121.39,121.4,121.39,121.39,800.0,121.392,4
2022-12-30 13:01:50-05:00,121.4,121.41,121.4,121.4,1600.0,121.401,3
2022-12-30 13:01:51-05:00,121.39,121.4,121.38,121.4,3309.0,121.39,6
2022-12-30 13:01:52-05:00,121.41,121.41,121.4,121.4,1200.0,121.404,10
2022-12-30 13:01:53-05:00,121.38,121.38,121.37,121.38,100.0,121.375,1
2022-12-30 13:01:54-05:00,121.38,121.38,121.37,121.38,1026.0,121.373,6
2022-12-30 13:01:55-05:00,121.36,121.36,121.35,121.35,1914.0,121.352,8
2022-12-30 13:01:56-05:00,121.34,121.36,121.34,121.36,900.0,121.343,4
2022-12-30 13:01:57-05:00,121.35,121.35,121.33,121.34,3425.0,121.343,7
2022-12-30 13:01:58-05:00,121.34,121.35,121.34,121.34,500.0,121.342,3
2022-12-30 13:01:59-05:00,121.34,121.34,121.33,121.34,300.0,121.335,1
2022-12-30 13:02:00-05:00,121.34,121.35,121.33,121.33,523.0,121.34,5
2022-12-30 13:02:01-05:00,121.34,121.35,121.33,121.34,2670.0,121.34,8
2022-12-30 13:02:02-05:00,121.34,121.37,121.34,121.37,848.0,121.354,6
2022-12-30 13:02:03-05:00,121.36,121.38,121.34,121.34,2011.0,121.359,4
2022-12-30 13:02:04-05:00,121.37,121.38,121.36,121.38,300.0,121.37,3
2022-12-30 13:02:05-05:00,121.36,121.37,121.33,121.36,3627.0,121.345,24
2022-12-30 13:02:06-05:00,121.35,121.36,121.35,121.35,2100.0,121.354,7
2022-12-30 13:02:07-05:00,121.33,121.35,121.33,121.35,1330.0,121.331,2
2022-12-30 13:02:08-05:00,121.34,121.35,121.34,121.35,300.0,121.348,3
2022-12-30 13:02:09-05:00,121.34,121.36,121.34,121.35,1900.0,121.35,9
2022-12-30 13:02:10-05:00,121.37,121.37,121.36,121.36,700.0,121.366,5
2022-12-30 13:02:11-05:00,121.38,121.39,121.37,121.38,500.0,121.383,3
2022-12-30 13:02:12-05:00,121.37,121.38,121.36,121.36,1046.0,121.367,9
2022-12-30 13:02:13-05:00,121.38,121.42,121.38,121.41,2967.0,121.408,18
2022-12-30 13:02:14-05:00,121.42,121.43,121.42,121.43,1700.0,121.424,8
2022-12-30 13:02:15-05:00,121.42,121.46,121.42,121.45,1548.0,121.443,13
2022-12-30 13:02:16-05:00,121.46,121.46,121.43,121.45,3512.0,121.438,15
2022-12-30 13:02:17-05:00,121.45,121.45,121.43,121.44,4441.0,121.444,11
2022-12-30 13:02:18-05:00,121.44,121.47,121.43,121.47,5149.0,121.441,10
2022-12-30 13:02:19-05:00,121.47,121.47,121.44,121.44,2560.0,121.45,17
2022-12-30 13:02:20-05:00,121.44,121.44,121.43,121.43,1626.0,121.433,8
2022-12-30 13:02:21-05:00,121.44,121.47,121.43,121.47,2650.0,121.462,10
2022-12-30 13:02:22-05:00,121.47,121.49,121.47,121.47,3027.0,121.477,16
2022-12-30 13:02:23-05:00,121.48,121.48,121.47,121.48,2450.0,121.48,6
2022-12-30 13:02:24-05:00,121.48,121.49,121.48,121.49,4673.0,121.483,15
2022-12-30 13:02:25-05:00,121.48,121.5,121.47,121.48,5521.0,121.485,17
2022-12-30 13:02:26-05:00,121.48,121.48,121.44,121.44,4623.0,121.447,10
2022-12-30 13:02:27-05:00,121.42,121.44,121.42,121.44,2000.0,121.434,5
2022-12-30 13:02:28-05:00,121.42,121.42,121.41,121.41,400.0,121.414,3
2022-12-30 13:02:29-05:00,121.41,121.42,121.4,121.4,700.0,121.413,7
2022-12-30 13:02:30-05:00,121.38,121.41,121.35,121.37,4405.0,121.371,23
2022-12-30 13:02:31-05:00,121.38,121.38,121.35,121.35,2400.0,121.364,8
2022-12-30 13:02:32-05:00,121.36,121.38,121.36,121.37,2185.0,121.37,9
2022-12-30 13:02:33-05:00,121.36,121.4,121.36,121.4,1530.0,121.376,10
2022-12-30 13:02:34-05:00,121.39,121.39,121.38,121.39,600.0,121.389,3
2022-12-30 13:02:35-05:00,121.37,121.37,121.35,121.35,1800.0,121.357,13
2022-12-30 13:02:36-05:00,121.36,121.36,121.34,121.35,2728.0,121.351,10
2022-12-30 13:02:37-05:00,121.34,121.36,121.34,121.34,3390.0,121.347,7
2022-12-30 13:02:38-05:00,121.34,121.37,121.34,121.36,5102.0,121.352,9
2022-12-30 13:02:39-05:00,121.37,121.37,121.36,121.37,1700.0,121.362,4
2022-12-30 13:02:40-05:00,121.36,121.36,121.35,121.36,2300.0,121.357,6
2022-12-30 13:02:41-05:00,121.35,121.36,121.35,121.35,1601.0,121.351,5
2022-12-30 13:02:42-05:00,121.35,121.36,121.34,121.34,4291.0,121.348,22
2022-12-30 13:02:43-05:00,121.34,121.34,121.33,121.34,1100.0,121.334,7
2022-12-30 13:02:44-05:00,121.34,121.36,121.34,121.34,1498.0,121.343,6
2022-12-30 13:02:45-05:00,121.35,121.35,121.34,121.34,474.0,121.341,4
2022-12-30 13:02:46-05:00,121.32,121.33,121.31,121.32,2759.0,121.319,10
2022-12-30 13:02:47-05:00,121.32,121.33,121.31,121.33,5246.0,121.316,15
2022-12-30 13:02:48-05:00,121.36,121.36,121.35,121.36,400.0,121.355,4
2022-12-30 13:02:49-05:00,121.35,121.35,121.32,121.32,1700.0,121.334,5
2022-12-30 13:02:50-05:00,121.32,121.32,121.31,121.32,3000.0,121.315,6
2022-12-30 13:02:51-05:00,121.31,121.32,121.28,121.28,9486.0,121.299,37
2022-12-30 13:02:52-05:00,121.29,121.3,121.27,121.28,9581.0,121.282,18
2022-12-30 13:02:53-05:00,121.27,121.28,121.26,121.27,3650.0,121.273,8
2022-12-30 13:02:54-05:00,121.27,121.28,121.26,121.26,1997.0,121.268,10
2022-12-30 13:02:55-05:00,121.26,121.27,121.23,121.23,13636.0,121.254,46
2022-12-30 13:02:56-05:00,121.24,121.27,121.22,121.26,7850.0,121.247,28
2022-12-30 13:02:57-05:00,121.26,121.26,121.23,121.25,8713.0,121.244,39
2022-12-30 13:02:58-05:00,121.26,121.26,121.23,121.24,4500.0,121.247,9
2022-12-30 13:02:59-05:00,121.23,121.23,121.22,121.23,4142.0,121.224,13
2022-12-30 13:03:00-05:00,121.24,121.26,121.24,121.25,3744.0,121.247,15
2022-12-30 13:03:01-05:00,121.25,121.26,121.23,121.25,6009.0,121.244,30
2022-12-30 13:03:02-05:00,121.25,121.33,121.24,121.3,8263.0,121.282,27
2022-12-30 13:03:03-05:00,121.31,121.35,121.24,121.32,2798.0,121.321,15
2022-12-30 13:03:04-05:00,121.32,121.36,121.31,121.35,5365.0,121.333,17
2022-12-30 13:03:05-05:00,121.36,121.39,121.36,121.39,3896.0,121.372,16
2022-12-30 13:03:06-05:00,121.39,121.39,121.37,121.37,2358.0,121.379,11
2022-12-30 13:03:07-05:00,121.39,121.41,121.39,121.41,1600.0,121.395,3
2022-12-30 13:03:08-05:00,121.39,121.4,121.39,121.39,1900.0,121.395,7
2022-12-30 13:03:09-05:00,121.38,121.41,121.37,121.4,3200.0,121.393,12
2022-12-30 13:03:10-05:00,121.4,121.41,121.4,121.4,900.0,121.402,4
2022-12-30 13:03:11-05:00,121.4,121.42,121.4,121.4,2535.0,121.405,15
2022-12-30 13:03:12-05:00,121.4,121.44,121.4,121.43,11644.0,121.411,27
2022-12-30 13:03:13-05:00,121.43,121.44,121.42,121.44,2650.0,121.43,9
2022-12-30 13:03:14-05:00,121.42,121.44,121.41,121.41,5191.0,121.421,26
2022-12-30 13:03:15-05:00,121.41,121.42,121.41,121.42,2358.0,121.414,7
2022-12-30 13:03:16-05:00,121.42,121.42,121.37,121.37,7806.0,121.387,29
2022-12-30 13:03:17-05:00,121.37,121.39,121.37,121.38,1500.0,121.373,6
2022-12-30 13:03:18-05:00,121.4,121.41,121.39,121.41,900.0,121.404,4
2022-12-30 13:03:19-05:00,121.39,121.4,121.33,121.33,2749.0,121.346,13
2022-12-30 13:03:20-05:00,121.34,121.35,121.34,121.34,200.0,121.342,2
2022-12-30 13:03:21-05:00,121.33,121.37,121.33,121.37,1698.0,121.352,11
2022-12-30 13:03:22-05:00,121.37,121.38,121.33,121.34,2726.0,121.356,18
2022-12-30 13:03:23-05:00,121.34,121.34,121.33,121.34,100.0,121.34,1
2022-12-30 13:03:24-05:00,121.35,121.39,121.34,121.38,3693.0,121.367,11
2022-12-30 13:03:25-05:00,121.38,121.38,121.37,121.38,100.0,121.378,1
2022-12-30 13:03:26-05:00,121.37,121.38,121.36,121.37,825.0,121.37,4
2022-12-30 13:03:27-05:00,121.36,121.37,121.36,121.37,400.0,121.368,2
2022-12-30 13:03:28-05:00,121.36,121.37,121.35,121.36,2600.0,121.36,4
2022-12-30 13:03:29-05:00,121.36,121.39,121.35,121.38,1195.0,121.36,5
2022-12-30 13:03:30-05:00,121.36,121.36,121.35,121.35,2700.0,121.351,3
2022-12-30 13:03:31-05:00,121.36,121.37,121.35,121.36,1200.0,121.355,3
2022-12-30 13:03:32-05:00,121.37,121.41,121.36,121.41,995.0,121.387,9
2022-12-30 13:03:33-05:00,121.4,121.41,121.39,121.4,1430.0,121.4,10
2022-12-30 13:03:34-05:00,121.39,121.39,121.36,121.37,1000.0,121.368,10
2022-12-30 13:03:35-05:00,121.38,121.39,121.37,121.38,1600.0,121.377,5
2022-12-30 13:03:36-05:00,121.38,121.39,121.36,121.37,2444.0,121.38,8
2022-12-30 13:03:37-05:00,121.38,121.4,121.37,121.4,1453.0,121.379,10
2022-12-30 13:03:38-05:00,121.4,121.43,121.4,121.4,3800.0,121.408,17
2022-12-30 13:03:39-05:00,121.41,121.41,121.37,121.37,4744.0,121.388,17
2022-12-30 13:03:40-05:00,121.37,121.37,121.35,121.35,4001.0,121.364,14
2022-12-30 13:03:41-05:00,121.36,121.36,121.35,121.36,550.0,121.36,5
2022-12-30 13:03:42-05:00,121.35,121.36,121.34,121.35,1651.0,121.349,11
2022-12-30 13:03:43-05:00,121.34,121.35,121.34,121.34,467.0,121.342,3
2022-12-30 13:03:44-05:00,121.33,121.34,121.32,121.32,3360.0,121.331,20
2022-12-30 13:03:45-05:00,121.31,121.32,121.29,121.29,2051.0,121.305,9
2022-12-30 13:03:46-05:00,121.29,121.3,121.28,121.3,4748.0,121.291,7
2022-12-30 13:03:47-05:00,121.3,121.31,121.29,121.31,6457.0,121.305,9
2022-12-30 13:03:48-05:00,121.29,121.29,121.28,121.29,3147.0,121.286,6
2022-12-30 13:03:49-05:00,121.29,121.35,121.28,121.33,2757.0,121.316,21
2022-12-30 13:03:50-05:00,121.34,121.36,121.34,121.35,4700.0,121.349,6
2022-12-30 13:03:51-05:00,121.35,121.37,121.35,121.37,4231.0,121.364,14
2022-12-30 13:03:52-05:00,121.38,121.4,121.38,121.39,3000.0,121.39,11
2022-12-30 13:03:53-05:00,121.39,121.39,121.37,121.39,2953.0,121.379,16
2022-12-30 13:03:54-05:00,121.39,121.39,121.33,121.34,4548.0,121.346,12
2022-12-30 13:03:55-05:00,121.33,121.33,121.31,121.33,1341.0,121.324,8
2022-12-30 13:03:56-05:00,121.34,121.35,121.33,121.34,400.0,121.341,2
2022-12-30 13:03:57-05:00,121.36,121.37,121.34,121.35,1552.0,121.352,6
2022-12-30 13:03:58-05:00,121.35,121.35,121.34,121.34,500.0,121.346,3
2022-12-30 13:03:59-05:00,121.3,121.31,121.27,121.27,9425.0,121.29,12
2022-12-30 13:04:00-05:00,121.28,121.28,121.26,121.26,2328.0,121.268,9
2022-12-30 13:04:01-05:00,121.26,121.28,121.26,121.28,2650.0,121.261,8
2022-12-30 13:04:02-05:00,121.27,121.29,121.26,121.27,1735.0,121.272,8
2022-12-30 13:04:03-05:00,121.27,121.29,121.26,121.28,2100.0,121.276,7
2022-12-30 13:04:04-05:00,121.28,121.31,121.28,121.29,5332.0,121.294,18
2022-12-30 13:04:05-05:00,121.29,121.3,121.27,121.27,2326.0,121.28,13
2022-12-30 13:04:06-05:00,121.29,121.29,121.27,121.27,832.0,121.282,8
2022-12-30 13:04:07-05:00,121.27,121.28,121.27,121.28,2200.0,121.276,6
2022-12-30 13:04:08-05:00,121.28,121.31,121.27,121.28,4378.0,121.289,20
2022-12-30 13:04:09-05:00,121.29,121.29,121.27,121.28,1194.0,121.28,4
2022-12-30 13:04:10-05:00,121.29,121.29,121.28,121.28,3657.0,121.283,11
2022-12-30 13:04:11-05:00,121.28,121.28,121.27,121.28,1100.0,121.28,2
2022-12-30 13:04:12-05:00,121.27,121.27,121.25,121.25,1500.0,121.254,6
2022-12-30 13:04:13-05:00,121.25,121.27,121.25,121.27,8600.0,121.267,13
2022-12-30 13:04:14-05:00,121.26,121.31,121.26,121.31,7100.0,121.279,17
2022-12-30 13:04:15-05:00,121.31,121.31,121.3,121.3,2641.0,121.306,5
2022-12-30 13:04:16-05:00,121.3,121.3,121.26,121.27,3800.0,121.281,18
2022-12-30 13:04:17-05:00,121.26,121.26,121.25,121.26,700.0,121.26,4
2022-12-30 13:04:18-05:00,121.25,121.27,121.24,121.26,9312.0,121.252,17
2022-12-30 13:04:19-05:00,121.26,121.27,121.25,121.27,1350.0,121.257,8
2022-12-30 13:04:20-05:00,121.26,121.26,121.25,121.26,898.0,121.257,4
2022-12-30 13:04:21-05:00,121.26,121.26,121.25,121.26,2635.0,121.26,9
2022-12-30 13:04:22-05:00,121.26,121.26,121.24,121.25,3771.0,121.245,16
2022-12-30 13:04:23-05:00,121.23,121.24,121.19,121.2,6902.0,121.209,34
2022-12-30 13:04:24-05:00,121.2,121.22,121.18,121.2,7771.0,121.201,23
2022-12-30 13:04:25-05:00,121.2,121.22,121.19,121.19,6372.0,121.205,23
2022-12-30 13:04:26-05:00,121.19,121.22,121.18,121.22,3681.0,121.197,13
2022-12-30 13:04:27-05:00,121.21,121.21,121.19,121.21,2010.0,121.204,10
2022-12-30 13:04:28-05:00,121.21,121.26,121.21,121.26,3818.0,121.24,14
2022-12-30 13:04:29-05:00,121.25,121.25,121.22,121.23,11012.0,121.223,20
2022-12-30 13:04:30-05:00,121.22,121.23,121.21,121.23,2046.0,121.215,8
2022-12-30 13:04:31-05:00,121.22,121.23,121.21,121.21,2100.0,121.219,4
2022-12-30 13:04:32-05:00,121.23,121.24,121.22,121.23,3681.0,121.234,9
2022-12-30 13:04:33-05:00,121.25,121.25,121.23,121.24,2198.0,121.236,6
2022-12-30 13:04:34-05:00,121.22,121.25,121.22,121.25,2126.0,121.237,11
2022-12-30 13:04:35-05:00,121.25,121.25,121.22,121.22,1150.0,121.236,7
2022-12-30 13:04:36-05:00,121.22,121.25,121.22,121.25,5244.0,121.232,9
2022-12-30 13:04:37-05:00,121.26,121.26,121.25,121.26,900.0,121.255,2
2022-12-30 13:04:38-05:00,121.25,121.25,121.22,121.22,4700.0,121.237,19
2022-12-30 13:04:39-05:00,121.21,121.23,121.21,121.22,2303.0,121.213,14
2022-12-30 13:04:40-05:00,121.23,121.24,121.23,121.23,375.0,121.233,3
2022-12-30 13:04:41-05:00,121.23,121.24,121.2,121.21,300.0,121.222,3
2022-12-30 13:04:42-05:00,121.22,121.23,121.2,121.21,10903.0,121.205,23
2022-12-30 13:04:43-05:00,121.21,121.22,121.2,121.2,847.0,121.205,5
2022-12-30 13:04:44-05:00,121.19,121.2,121.17,121.17,8537.0,121.183,19
2022-12-30 13:04:45-05:00,121.17,121.19,121.15,121.17,9063.0,121.166,35
2022-12-30 13:04:46-05:00,121.19,121.2,121.19,121.2,300.0,121.192,2
2022-12-30 13:04:47-05:00,121.19,121.19,121.18,121.18,1925.0,121.181,5
2022-12-30 13:04:48-05:00,121.18,121.19,121.17,121.18,1300.0,121.184,5
2022-12-30 13:04:49-05:00,121.17,121.19,121.17,121.19,950.0,121.174,3
2022-12-30 13:04:50-05:00,121.18,121.19,121.18,121.19,1655.0,121.181,7
2022-12-30 13:04:51-05:00,121.19,121.19,121.19,121.19,0.0,121.19,0
2022-12-30 13:04:52-05:00,121.2,121.22,121.18,121.18,5648.0,121.2,22
2022-12-30 13:04:53-05:00,121.18,121.23,121.18,121.22,7087.0,121.203,24
2022-12-30 13:04:54-05:00,121.22,121.22,121.2,121.21,1147.0,121.213,8
2022-12-30 13:04:55-05:00,121.22,121.22,121.22,121.22,117.0,121.22,1
2022-12-30 13:04:56-05:00,121.21,121.22,121.2,121.2,5018.0,121.208,14
2022-12-30 13:04:57-05:00,121.19,121.2,121.19,121.2,3511.0,121.199,11
2022-12-30 13:04:58-05:00,121.19,121.2,121.19,121.19,1400.0,121.19,4
2022-12-30 13:04:59-05:00,121.2,121.21,121.19,121.2,3055.0,121.199,6
2022-12-30 13:05:00-05:00,121.2,121.2,121.19,121.2,2700.0,121.2,3
2022-12-30 13:05:01-05:00,121.2,121.2,121.18,121.19,825.0,121.191,7
2022-12-30 13:05:02-05:00,121.19,121.19,121.16,121.16,5327.0,121.175,14
2022-12-30 13:05:03-05:00,121.16,121.17,121.15,121.15,2983.0,121.154,16
2022-12-30 13:05:04-05:00,121.16,121.17,121.14,121.17,3729.0,121.152,12
2022-12-30 13:05:05-05:00,121.17,121.17,121.13,121.13,2752.0,121.152,14
2022-12-30 13:05:06-05:00,121.14,121.14,121.11,121.13,7841.0,121.118,18
2022-12-30 13:05:07-05:00,121.13,121.14,121.11,121.13,12509.0,121.121,27
2022-12-30 13:05:08-05:00,121.12,121.17,121.12,121.16,6460.0,121.155,35
2022-12-30 13:05:09-05:00,121.16,121.17,121.13,121.15,11948.0,121.156,27
2022-12-30 13:05:10-05:00,121.14,121.17,121.14,121.15,4283.0,121.144,11
2022-12-30 13:05:11-05:00,121.15,121.17,121.14,121.16,500.0,121.156,5
2022-12-30 13:05:12-05:00,121.18,121.19,121.18,121.18,1700.0,121.184,6
2022-12-30 13:05:13-05:00,121.18,121.19,121.17,121.18,4754.0,121.179,16
2022-12-30 13:05:14-05:00,121.18,121.19,121.15,121.16,3011.0,121.179,8
2022-12-30 13:05:15-05:00,121.16,121.16,121.15,121.16,5464.0,121.155,18
2022-12-30 13:05:16-05:00,121.16,121.21,121.15,121.18,4675.0,121.184,21
2022-12-30 13:05:17-05:00,121.2,121.21,121.19,121.21,1532.0,121.197,9
2022-12-30 13:05:18-05:00,121.2,121.2,121.15,121.15,5004.0,121.174,17
2022-12-30 13:05:19-05:00,121.16,121.17,121.15,121.16,800.0,121.155,5
2022-12-30 13:05:20-05:00,121.16,121.17,121.15,121.16,1403.0,121.158,4
2022-12-30 13:05:21-05:00,121.15,121.17,121.15,121.16,1621.0,121.162,7
2022-12-30 13:05:22-05:00,121.15,121.16,121.15,121.15,4974.0,121.151,9
2022-12-30 13:05:23-05:00,121.15,121.15,121.13,121.14,686.0,121.141,6
2022-12-30 13:05:24-05:00,121.15,121.17,121.13,121.17,5014.0,121.155,21
2022-12-30 13:05:25-05:00,121.15,121.16,121.14,121.15,1000.0,121.151,8
2022-12-30 13:05:26-05:00,121.16,121.16,121.13,121.13,12363.0,121.133,21
2022-12-30 13:05:27-05:00,121.15,121.15,121.13,121.14,550.0,121.139,3
2022-12-30 13:05:28-05:00,121.13,121.16,121.13,121.15,3550.0,121.142,10
2022-12-30 13:05:29-05:00,121.15,121.16,121.12,121.12,1600.0,121.143,6
2022-12-30 13:05:30-05:00,121.12,121.13,121.12,121.12,1800.0,121.124,5
2022-12-30 13:05:31-05:00,121.14,121.14,121.11,121.11,4684.0,121.113,19
2022-12-30 13:05:32-05:00,121.12,121.13,121.11,121.13,3060.0,121.121,11
2022-12-30 13:05:33-05:00,121.11,121.16,121.11,121.15,10959.0,121.139,18
2022-12-30 13:05:34-05:00,121.14,121.15,121.13,121.14,1100.0,121.139,3
2022-12-30 13:05:35-05:00,121.13,121.14,121.12,121.14,1967.0,121.132,6
2022-12-30 13:05:36-05:00,121.13,121.14,121.13,121.14,680.0,121.138,2
2022-12-30 13:05:37-05:00,121.14,121.17,121.14,121.16,7303.0,121.161,17
2022-12-30 13:05:38-05:00,121.16,121.18,121.15,121.16,2244.0,121.164,12
2022-12-30 13:05:39-05:00,121.15,121.16,121.14,121.16,9816.0,121.142,8
2022-12-30 13:05:40-05:00,121.15,121.16,121.13,121.16,2100.0,121.142,8
2022-12-30 13:05:41-05:00,121.16,121.17,121.16,121.16,4700.0,121.162,6
2022-12-30 13:05:42-05:00,121.18,121.18,121.15,121.15,1926.0,121.163,13
2022-12-30 13:05:43-05:00,121.15,121.15,121.15,121.15,200.0,121.15,2
2022-12-30 13:05:44-05:00,121.17,121.18,121.14,121.18,1103.0,121.167,9
2022-12-30 13:05:45-05:00,121.17,121.18,121.16,121.17,3190.0,121.169,16
2022-12-30 13:05:46-05:00,121.17,121.18,121.16,121.17,1526.0,121.172,8
2022-12-30 13:05:47-05:00,121.16,121.17,121.16,121.17,1800.0,121.169,4
2022-12-30 13:05:48-05:00,121.16,121.17,121.16,121.17,1500.0,121.166,5
2022-12-30 13:05:49-05:00,121.16,121.16,121.12,121.14,9676.0,121.144,15
2022-12-30 13:05:50-05:00,121.12,121.14,121.12,121.13,450.0,121.126,2
2022-12-30 13:05:51-05:00,121.15,121.17,121.15,121.16,3925.0,121.156,6
2022-12-30 13:05:52-05:00,121.15,121.15,121.12,121.12,8554.0,121.131,18
2022-12-30 13:05:53-05:00,121.12,121.13,121.11,121.13,3721.0,121.116,12
2022-12-30 13:05:54-05:00,121.14,121.14,121.14,121.14,275.0,121.14,1
2022-12-30 13:05:55-05:00,121.13,121.13,121.12,121.13,1772.0,121.124,3
2022-12-30 13:05:56-05:00,121.13,121.13,121.12,121.13,600.0,121.125,5
2022-12-30 13:05:57-05:00,121.12,121.13,121.12,121.12,1325.0,121.128,4
2022-12-30 13:05:58-05:00,121.11,121.12,121.1,121.11,5118.0,121.111,27
2022-12-30 13:05:59-05:00,121.11,121.11,121.1,121.1,2326.0,121.103,7
2022-12-30 13:06:00-05:00,121.12,121.12,121.1,121.1,2665.0,121.111,9
2022-12-30 13:06:01-05:00,121.1,121.15,121.1,121.13,20461.0,121.114,71
2022-12-30 13:06:02-05:00,121.16,121.17,121.16,121.16,11792.0,121.169,11
2022-12-30 13:06:03-05:00,121.15,121.16,121.14,121.15,6995.0,121.149,19
2022-12-30 13:06:04-05:00,121.17,121.17,121.14,121.14,3859.0,121.151,19
2022-12-30 13:06:05-05:00,121.17,121.17,121.14,121.15,1120.0,121.149,6
2022-12-30 13:06:06-05:00,121.17,121.2,121.16,121.19,1241.0,121.186,8
2022-12-30 13:06:07-05:00,121.19,121.19,121.15,121.16,4104.0,121.176,20
2022-12-30 13:06:08-05:00,121.17,121.18,121.16,121.18,3309.0,121.169,8
2022-12-30 13:06:09-05:00,121.17,121.17,121.16,121.17,2400.0,121.17,5
2022-12-30 13:06:10-05:00,121.19,121.19,121.18,121.19,720.0,121.189,3
2022-12-30 13:06:11-05:00,121.18,121.2,121.18,121.19,1506.0,121.193,10
2022-12-30 13:06:12-05:00,121.18,121.2,121.18,121.2,7212.0,121.188,26
2022-12-30 13:06:13-05:00,121.2,121.22,121.19,121.2,7966.0,121.206,28
2022-12-30 13:06:14-05:00,121.21,121.21,121.16,121.17,6550.0,121.184,26
2022-12-30 13:06:15-05:00,121.18,121.2,121.17,121.18,8650.0,121.182,9
2022-12-30 13:06:16-05:00,121.18,121.18,121.15,121.18,5300.0,121.173,29
2022-12-30 13:06:17-05:00,121.19,121.21,121.16,121.2,3276.0,121.195,17
2022-12-30 13:06:18-05:00,121.16,121.17,121.16,121.16,800.0,121.164,5
2022-12-30 13:06:19-05:00,121.15,121.17,121.14,121.16,3000.0,121.151,9
2022-12-30 13:06:20-05:00,121.17,121.18,121.15,121.16,1400.0,121.171,6
2022-12-30 13:06:21-05:00,121.17,121.18,121.16,121.16,1350.0,121.168,10
2022-12-30 13:06:22-05:00,121.17,121.18,121.17,121.18,700.0,121.171,4
2022-12-30 13:06:23-05:00,121.16,121.16,121.16,121.16,200.0,121.16,2
2022-12-30 13:06:24-05:00,121.16,121.16,121.15,121.16,400.0,121.16,3
2022-12-30 13:06:25-05:00,121.16,121.17,121.15,121.16,1403.0,121.158,11
2022-12-30 13:06:26-05:00,121.14,121.15,121.13,121.14,3860.0,121.14,7
2022-12-30 13:06:27-05:00,121.14,121.14,121.11,121.12,4360.0,121.132,12
2022-12-30 13:06:28-05:00,121.12,121.13,121.11,121.12,1542.0,121.125,8
2022-12-30 13:06:29-05:00,121.13,121.13,121.13,121.13,240.0,121.13,1
2022-12-30 13:06:30-05:00,121.11,121.12,121.1,121.11,5706.0,121.108,13
2022-12-30 13:06:31-05:00,121.1,121.11,121.1,121.1,1300.0,121.105,6
2022-12-30 13:06:32-05:00,121.1,121.1,121.09,121.09,10181.0,121.096,22
2022-12-30 13:06:33-05:00,121.1,121.1,121.09,121.1,2740.0,121.098,10
2022-12-30 13:06:34-05:00,121.1,121.12,121.1,121.12,600.0,121.11,6
2022-12-30 13:06:35-05:00,121.12,121.15,121.11,121.14,2355.0,121.129,10
2022-12-30 13:06:36-05:00,121.14,121.15,121.13,121.13,969.0,121.137,7
2022-12-30 13:06:37-05:00,121.13,121.14,121.13,121.14,1106.0,121.134,4
2022-12-30 13:06:38-05:00,121.14,121.15,121.13,121.15,750.0,121.139,5
2022-12-30 13:06:39-05:00,121.16,121.18,121.16,121.18,794.0,121.169,5
2022-12-30 13:06:40-05:00,121.17,121.2,121.16,121.2,6552.0,121.183,29
2022-12-30 13:06:41-05:00,121.22,121.24,121.2,121.22,16268.0,121.234,21
2022-12-30 13:06:42-05:00,121.23,121.25,121.22,121.24,10961.0,121.24,26
2022-12-30 13:06:43-05:00,121.25,121.25,121.22,121.22,5530.0,121.241,33
2022-12-30 13:06:44-05:00,121.24,121.24,121.21,121.22,5865.0,121.228,20
2022-12-30 13:06:45-05:00,121.22,121.27,121.21,121.27,4778.0,121.237,15
2022-12-30 13:06:46-05:00,121.28,121.29,121.26,121.26,4928.0,121.28,19
2022-12-30 13:06:47-05:00,121.27,121.29,121.26,121.27,3802.0,121.272,20
2022-12-30 13:06:48-05:00,121.26,121.27,121.24,121.26,5143.0,121.249,9
2022-12-30 13:06:49-05:00,121.27,121.27,121.21,121.21,6373.0,121.242,24
2022-12-30 13:06:50-05:00,121.18,121.2,121.18,121.2,3981.0,121.194,13
2022-12-30 13:06:51-05:00,121.19,121.23,121.19,121.2,2638.0,121.199,10
2022-12-30 13:06:52-05:00,121.19,121.21,121.19,121.2,1898.0,121.2,7
2022-12-30 13:06:53-05:00,121.21,121.23,121.2,121.23,3169.0,121.219,12
2022-12-30 13:06:54-05:00,121.25,121.25,121.23,121.23,1500.0,121.233,9
2022-12-30 13:06:55-05:00,121.23,121.27,121.22,121.22,2647.0,121.241,12
2022-12-30 13:06:56-05:00,121.21,121.22,121.19,121.19,2815.0,121.206,17
2022-12-30 13:06:57-05:00,121.2,121.23,121.2,121.2,1102.0,121.209,8
2022-12-30 13:06:58-05:00,121.19,121.19,121.19,121.19,1200.0,121.19,3
2022-12-30 13:06:59-05:00,121.19,121.19,121.18,121.19,1729.0,121.188,8
2022-12-30 13:07:00-05:00,121.18,121.21,121.17,121.21,4931.0,121.199,19
2022-12-30 13:07:01-05:00,121.21,121.23,121.2,121.23,5920.0,121.219,22
2022-12-30 13:07:02-05:00,121.23,121.23,121.2,121.2,4400.0,121.207,19
